Customer_ID,Month,Age,Gender,Income,Total_Spending,Essential_Spending,Non_Essential_Spending,Savings_Amount,Investments_Amount,Debt_Payments,Account_Balance
CUST1001,2024-01,23,Male,11337,10696.36,5500,1728.96,566.85,1700.55,1200,640.64
CUST1001,2024-02,23,Male,11337,10357.91,5900,990.51,566.85,1700.55,1200,979.09
CUST1001,2024-03,23,Male,11337,9593.21,5198.11,927.7,566.85,1700.55,1200,1743.79
CUST1001,2024-04,23,Male,11337,10932.08,5964.68,1500,566.85,1700.55,1200,404.92
CUST1001,2024-05,23,Male,11337,11251.97,5884.57,1900,566.85,1700.55,1200,85.03
CUST1001,2024-06,23,Male,11337,10312.72,4226.41,2618.91,566.85,1700.55,1200,1024.28
CUST1001,2024-07,23,Male,11337,10863.96,6668.31,728.25,566.85,1700.55,1200,473.04
CUST1001,2024-08,23,Male,11337,10864.78,4879.91,2517.47,566.85,1700.55,1200,472.22
CUST1001,2024-09,23,Male,11337,9786.98,4744.53,1575.05,566.85,1700.55,1200,1550.02
CUST1001,2024-10,23,Male,11337,9904.94,3646.93,2790.61,566.85,1700.55,1200,1432.06
CUST1001,2024-11,23,Male,11337,9625.42,5077.42,1080.6,566.85,1700.55,1200,1711.58
CUST1001,2024-12,23,Male,11337,11146.02,6178.62,1500,566.85,1700.55,1200,190.98
CUST1040,2024-01,23,Female,10700,10410,4800,1500,3210,0,900,290
CUST1040,2024-02,23,Female,10700,10010,4800,1100,3210,0,900,690
CUST1040,2024-03,23,Female,10700,9410,4800,500,3210,0,900,1290
CUST1040,2024-04,23,Female,10700,10510,4800,1600,3210,0,900,190
CUST1040,2024-05,23,Female,10700,9810,4800,900,3210,0,900,890
CUST1040,2024-06,23,Female,10700,10610,4800,1700,3210,0,900,90
CUST1040,2024-07,23,Female,10700,10448.94,4800,1538.94,3210,0,900,251.06
CUST1040,2024-08,23,Female,10700,9999,4800,1089,3210,0,900,701
CUST1040,2024-09,23,Female,10700,10308,4800,1398,3210,0,900,392
CUST1040,2024-10,23,Female,10700,10286,4800,1376,3210,0,900,414
CUST1040,2024-11,23,Female,10700,9786,4800,876,3210,0,900,914
CUST1040,2024-12,23,Female,10700,9945,4800,1035,3210,0,900,755
CUST1022,2024-01,24,Male,13234,11228.82,5363.86,2801.97,2931.61,0,131.38,2005.18
CUST1022,2024-02,24,Male,13234,11065.19,4024.74,1530.28,2966.64,2350.01,193.52,2168.81
CUST1022,2024-03,24,Male,13234,11168.88,6449.83,2333.29,2374.03,0,11.73,2065.12
CUST1022,2024-04,24,Male,13234,11167.7,4490.87,1127.07,2826.66,2552.55,170.55,2066.3
CUST1022,2024-05,24,Male,13234,10898.81,6648.56,2620.46,0,1626.81,2.98,2335.19
CUST1022,2024-06,24,Male,13234,11216.87,3593.27,2134.99,4351.64,982.46,154.51,2017.13
CUST1022,2024-07,24,Male,13234,10703.62,5352.99,1989.67,1526.85,254.67,1579.44,2530.38
CUST1022,2024-08,24,Male,13234,9050.49,4084.31,3029.35,771.38,930.34,235.11,4183.51
CUST1022,2024-09,24,Male,13234,10376.94,5001.08,839.17,3162.05,1349.48,25.16,2857.06
CUST1022,2024-10,24,Male,13234,10720.07,6402.18,2113.73,1991.03,0,213.13,2513.93
CUST1022,2024-11,24,Male,13234,10815.96,5538.08,943.46,1879.58,731.36,1723.48,2418.04
CUST1022,2024-12,24,Male,13234,10894.85,5794.41,2639.54,473.82,1112.35,874.73,2339.15
CUST1028,2024-01,25,Female,15000,14800,7000,5500,0,0,2300,200
CUST1028,2024-02,25,Female,15000,14472,7500,4672,0,0,2300,528
CUST1028,2024-03,25,Female,15000,14909,9800,2809,0,0,2300,91
CUST1028,2024-04,25,Female,15000,11693.83,7724.83,1669,0,0,2300,3306.17
CUST1028,2024-05,25,Female,15000,14259,8381,3578,0,0,2300,741
CUST1028,2024-06,25,Female,15000,11165,7626,1239,0,0,2300,3835
CUST1028,2024-07,25,Female,15000,14993,8573,4120,0,0,2300,7
CUST1028,2024-08,25,Female,15000,13479,9500,1679,0,0,2300,1521
CUST1028,2024-09,25,Female,15000,14082,8188,3594,0,0,2300,918
CUST1028,2024-10,25,Female,15000,14743,10456,1987,0,0,2300,257
CUST1028,2024-11,25,Female,15000,11162,7550,1312,0,0,2300,3838
CUST1028,2024-12,25,Female,15000,14085,7895,3890,0,0,2300,915
CUST1017,2024-01,27,Male,17000,15650,4500,1300,1700,850,7300,1350
CUST1017,2024-02,27,Male,17000,15850,4500,1500,1700,850,7300,1150
CUST1017,2024-03,27,Male,17000,16750,4500,2400,1700,850,7300,250
CUST1017,2024-04,27,Male,17000,17000,4500,2650,1700,850,7300,0
CUST1017,2024-05,27,Male,17000,16106,4500,1756,1700,850,7300,894
CUST1017,2024-06,27,Male,17000,16306,4500,1956,1700,850,7300,694
CUST1017,2024-07,27,Male,17000,14850,4500,500,1700,850,7300,2150
CUST1017,2024-08,27,Male,17000,15240,4500,890,1700,850,7300,1760
CUST1017,2024-09,27,Male,17000,16280,4500,1930,1700,850,7300,720
CUST1017,2024-10,27,Male,17000,16857,4500,2507,1700,850,7300,143
CUST1017,2024-11,27,Male,17000,16695,4500,2345,1700,850,7300,305
CUST1017,2024-12,27,Male,17000,16298,4500,1948,1700,850,7300,702
CUST1018,2024-01,27,Male,19395,18845.25,11000,1936,0,2909.25,3000,549.75
CUST1018,2024-02,27,Male,19395,18637.41,11000,1728,0,2909.25,3000,757.59
CUST1018,2024-03,27,Male,19395,19299.25,11000,1590,800,2909.25,3000,95.75
CUST1018,2024-04,27,Male,19395,19209.25,11000,2300,0,2909.25,3000,185.75
CUST1018,2024-05,27,Male,19395,19376.25,11000,2467,0,2909.25,3000,18.75
CUST1018,2024-06,27,Male,19395,18637.41,11000,1728,0,2909.25,3000,757.59
CUST1018,2024-07,27,Male,19395,19299.25,11000,1590,800,2909.25,3000,95.75
CUST1018,2024-08,27,Male,19395,19387.25,11000,2478,0,2909.25,3000,7.75
CUST1018,2024-09,27,Male,19395,19096.25,11000,2187,0,2909.25,3000,298.75
CUST1018,2024-10,27,Male,19395,18859.25,11000,1150,800,2909.25,3000,535.75
CUST1018,2024-11,27,Male,19395,18637.41,11000,1728,0,2909.25,3000,757.59
CUST1018,2024-12,27,Male,19395,18476.25,11000,1567,0,2909.25,3000,918.75
CUST1041,2024-01,28,Male,16081,15381.62,5500,881.62,0,0,9000,699.38
CUST1041,2024-02,28,Male,16081,15566.04,5500,1066.04,0,0,9000,514.96
CUST1041,2024-03,28,Male,16081,16067,5500,1567,0,0,9000,14
CUST1041,2024-04,28,Male,16081,15445,5500,945,0,0,9000,636
CUST1041,2024-05,28,Male,16081,15589,5500,1089,0,0,9000,492
CUST1041,2024-06,28,Male,16081,15093,5500,593,0,0,9000,988
CUST1041,2024-07,28,Male,16081,16000,5500,1500,0,0,9000,81
CUST1041,2024-08,28,Male,16081,15667,5500,1167,0,0,9000,414
CUST1041,2024-09,28,Male,16081,15487,5500,987,0,0,9000,594
CUST1041,2024-10,28,Male,16081,15842,5500,1342,0,0,9000,239
CUST1041,2024-11,28,Male,16081,15689,5500,1189,0,0,9000,392
CUST1041,2024-12,28,Male,16081,15381.99,5500,881.99,0,0,9000,699.01
CUST1014,2024-01,30,Female,17600,14993.15,5300,853.15,5280,1760,1800,2606.85
CUST1014,2024-02,30,Female,17600,15678.24,5300,1538.24,5280,1760,1800,1921.76
CUST1014,2024-03,30,Female,17600,15878.54,5300,1738.54,5280,1760,1800,1721.46
CUST1014,2024-04,30,Female,17600,15423.36,5300,1283.36,5280,1760,1800,2176.64
CUST1014,2024-05,30,Female,17600,15957.6,5300,1817.6,5280,1760,1800,1642.4
CUST1014,2024-06,30,Female,17600,15914.85,5300,1774.85,5280,1760,1800,1685.15
CUST1014,2024-07,30,Female,17600,14924.99,5300,784.99,5280,1760,1800,2675.01
CUST1014,2024-08,30,Female,17600,17042.83,5300,1702.83,5280,1760,3000,557.17
CUST1014,2024-09,30,Female,17600,17336.07,5300,1996.07,5280,1760,3000,263.93
CUST1014,2024-10,30,Female,17600,16661.19,5300,1321.19,5280,1760,3000,938.81
CUST1014,2024-11,30,Female,17600,16601.42,5300,1261.42,5280,1760,3000,998.58
CUST1014,2024-12,30,Female,17600,15711.34,5300,371.34,5280,1760,3000,1888.66
CUST1009,2024-01,32,Male,13726,12875.53,4600,3230.33,2745.2,0,2300,850.47
CUST1009,2024-02,32,Male,13726,11397.01,4600,1751.81,2745.2,0,2300,2328.99
CUST1009,2024-03,32,Male,13726,9119.46,4600,2219.46,,0,2300,4606.54
CUST1009,2024-04,32,Male,13726,12057.9,4600,2412.7,2745.2,0,2300,1668.1
CUST1009,2024-05,32,Male,13726,8048.54,4600,1148.54,,0,2300,5677.46
CUST1009,2024-06,32,Male,13726,10772.39,4600,1127.19,2745.2,0,2300,2953.61
CUST1009,2024-07,32,Male,13726,13352.13,4600,3706.93,2745.2,0,2300,373.87
CUST1009,2024-08,32,Male,13726,9087.29,4600,2187.29,,0,2300,4638.71
CUST1009,2024-09,32,Male,13726,12153.92,4600,2508.72,2745.2,0,2300,1572.08
CUST1009,2024-10,32,Male,13726,11381.88,4600,1736.68,2745.2,0,2300,2344.12
CUST1009,2024-11,32,Male,13726,8902.63,4600,2002.63,,0,2300,4823.37
CUST1009,2024-12,32,Male,13726,12621.02,4600,2975.82,2745.2,0,2300,1104.98
CUST1011,2024-01,34,Male,14330,12679.85,6500,1179.85,0,0,5000,1650.15
CUST1011,2024-02,34,Male,14330,12786.62,6500,1286.62,0,0,5000,1543.38
CUST1011,2024-03,34,Male,14330,14200,6500,2700,0,0,5000,130
CUST1011,2024-04,34,Male,14330,13845,6500,2345,0,0,5000,485
CUST1011,2024-05,34,Male,14330,13550.81,6500,2050.81,0,0,5000,779.19
CUST1011,2024-06,34,Male,14330,13942.05,6500,2442.05,0,0,5000,387.95
CUST1011,2024-07,34,Male,14330,13302.81,6500,1802.81,0,0,5000,1027.19
CUST1011,2024-08,34,Male,14330,14300,6500,2800,0,0,5000,30
CUST1011,2024-09,34,Male,14330,13067,6500,1567,0,0,5000,1263
CUST1011,2024-10,34,Male,14330,13401.95,6500,1901.95,0,0,5000,928.05
CUST1011,2024-11,34,Male,14330,14072.27,6500,2572.27,0,0,5000,257.73
CUST1011,2024-12,34,Male,14330,14289,6500,2789,0,0,5000,41
CUST1020,2024-01,34,Female,21998,20112.17,9450,2962.87,1099.9,6599.4,0,1885.83
CUST1020,2024-02,34,Female,21998,21897.66,9450,4748.36,1099.9,6599.4,0,100.34
CUST1020,2024-03,34,Female,21998,21275.3,9450,4126,1099.9,6599.4,0,722.7
CUST1020,2024-04,34,Female,21998,21287.86,9450,4138.56,1099.9,6599.4,0,710.14
CUST1020,2024-05,34,Female,21998,20844.18,9450,3694.88,1099.9,6599.4,0,1153.82
CUST1020,2024-06,34,Female,21998,21300.11,9450,4150.81,1099.9,6599.4,0,697.89
CUST1020,2024-07,34,Female,21998,21716.3,9450,4567,1099.9,6599.4,0,281.7
CUST1020,2024-08,34,Female,21998,21949.3,9450,4800,1099.9,6599.4,0,48.7
CUST1020,2024-09,34,Female,21998,20493.55,9450,3344.25,1099.9,6599.4,0,1504.45
CUST1020,2024-10,34,Female,21998,19543.6,9450,2394.3,1099.9,6599.4,0,2454.4
CUST1020,2024-11,34,Female,21998,18535.18,9450,1385.88,1099.9,6599.4,0,3462.82
CUST1020,2024-12,34,Female,21998,18546.02,9450,1396.72,1099.9,6599.4,0,3451.98
CUST1031,2024-01,34,Female,8305,6809.69,2900,1664.94,1245.75,0,999,1495.31
CUST1031,2024-02,34,Female,8305,5283,2900,968.75,415.25,0,999,3022
CUST1031,2024-03,34,Female,8305,6498.46,2900,1353.71,1245.75,0,999,1806.54
CUST1031,2024-04,34,Female,8305,5595.37,2900,865.87,830.5,0,999,2709.63
CUST1031,2024-05,34,Female,8305,6991.17,2900,1846.42,1245.75,0,999,1313.83
CUST1031,2024-06,34,Female,8305,5737.51,2900,592.76,1245.75,0,999,2567.49
CUST1031,2024-07,34,Female,8305,7008.97,2900,1864.22,1245.75,0,999,1296.03
CUST1031,2024-08,34,Female,8305,6038.9,2900,478.9,1661,0,999,2266.1
CUST1031,2024-09,34,Female,8305,5971.11,2900,2072.11,0,0,999,2333.89
CUST1031,2024-10,34,Female,8305,4988.49,2900,1089.49,0,0,999,3316.51
CUST1031,2024-11,34,Female,8305,5815.39,2900,670.64,1245.75,0,999,2489.61
CUST1031,2024-12,34,Female,8305,6500.16,2900,1355.41,1245.75,0,999,1804.84
CUST1002,2024-01,35,Female,13677,13600,4500,9100,0,0,0,77
CUST1002,2024-02,35,Female,13677,12390,4500,7890,0,0,0,1287
CUST1002,2024-03,35,Female,13677,9067,4500,4567,0,0,0,4610
CUST1002,2024-04,35,Female,13677,13670,4500,9170,0,0,0,7
CUST1002,2024-05,35,Female,13677,8078,4500,3578,0,0,0,5599
CUST1002,2024-06,35,Female,13677,9078,4500,4578,0,0,0,4599
CUST1002,2024-07,35,Female,13677,11000,4500,6500,0,0,0,2677
CUST1002,2024-08,35,Female,13677,10400,4500,5900,0,0,0,3277
CUST1002,2024-09,35,Female,13677,8046,4500,3546,0,0,0,5631
CUST1002,2024-10,35,Female,13677,10989,4500,6489,0,0,0,2688
CUST1002,2024-11,35,Female,13677,5739.93,4500,1239.93,0,0,0,7937.07
CUST1002,2024-12,35,Female,13677,10978,4500,6478,0,0,0,2699
CUST1003,2024-01,35,Male,18672,18634.4,7500,5100,0,3734.4,2300,37.6
CUST1003,2024-02,35,Male,18672,14924.4,7500,1390,0,3734.4,2300,3747.6
CUST1003,2024-03,35,Male,18672,15228.95,7500,1694.55,0,3734.4,2300,3443.05
CUST1003,2024-04,35,Male,18672,17007.16,7500,3472.76,0,3734.4,2300,1664.84
CUST1003,2024-05,35,Male,18672,17469,7500,3934.6,0,3734.4,2300,1203
CUST1003,2024-06,35,Male,18672,14882.06,7500,1347.66,0,3734.4,2300,3789.94
CUST1003,2024-07,35,Male,18672,18634.4,7500,5100,0,3734.4,2300,37.6
CUST1003,2024-08,35,Male,18672,15384.41,7500,1850.01,0,3734.4,2300,3287.59
CUST1003,2024-09,35,Male,18672,15819.32,7500,2284.92,0,3734.4,2300,2852.68
CUST1003,2024-10,35,Male,18672,18584.4,7500,5050,0,3734.4,2300,87.6
CUST1003,2024-11,35,Male,18672,15864.69,7500,2330.29,0,3734.4,2300,2807.31
CUST1003,2024-12,35,Male,18672,18639.4,7500,5105,0,3734.4,2300,32.6
CUST1019,2024-01,36,Male,25794,20383.16,7000,2396.16,0,0,10987,5410.84
CUST1019,2024-02,36,Male,25794,25143.6,7000,7156.6,0,0,10987,650.4
CUST1019,2024-03,36,Male,25794,20516.17,7000,2529.17,0,0,10987,5277.83
CUST1019,2024-04,36,Male,25794,24129.7,7000,6142.7,0,0,10987,1664.3
CUST1019,2024-05,36,Male,25794,21604.24,7000,3617.24,0,0,10987,4189.76
CUST1019,2024-06,36,Male,25794,22377.61,7000,4390.61,0,0,10987,3416.39
CUST1019,2024-07,36,Male,25794,25700.4,7000,7713.4,0,0,10987,93.6
CUST1019,2024-08,36,Male,25794,25018.5,7000,7031.5,0,0,10987,775.5
CUST1019,2024-09,36,Male,25794,24618.47,7000,6631.47,0,0,10987,1175.53
CUST1019,2024-10,36,Male,25794,23843.05,7000,5856.05,0,0,10987,1950.95
CUST1019,2024-11,36,Male,25794,25246.46,7000,7259.46,0,0,10987,547.54
CUST1019,2024-12,36,Male,25794,22208.45,7000,4221.45,0,0,10987,3585.55
CUST1036,2024-01,36,Female,11779,11079.48,3570,2064.73,2355.8,588.95,2500,699.52
CUST1036,2024-02,36,Female,11779,11014.15,3570,1999.4,2355.8,588.95,2500,764.85
CUST1036,2024-03,36,Female,11779,11276.59,3570,2261.84,2355.8,588.95,2500,502.41
CUST1036,2024-04,36,Female,11779,11287.15,3570,2272.4,2355.8,588.95,2500,491.85
CUST1036,2024-05,36,Female,11779,11764.75,3570,2750,2355.8,588.95,2500,14.25
CUST1036,2024-06,36,Female,11779,9614.44,3570,599.69,2355.8,588.95,2500,2164.56
CUST1036,2024-07,36,Female,11779,11514.75,3570,2500,2355.8,588.95,2500,264.25
CUST1036,2024-08,36,Female,11779,10460.88,3570,1446.13,2355.8,588.95,2500,1318.12
CUST1036,2024-09,36,Female,11779,11270.53,3570,2255.78,2355.8,588.95,2500,508.47
CUST1036,2024-10,36,Female,11779,9681.08,3570,666.33,2355.8,588.95,2500,2097.92
CUST1036,2024-11,36,Female,11779,11303.56,3570,2288.81,2355.8,588.95,2500,475.44
CUST1036,2024-12,36,Female,11779,10593.03,3570,1578.28,2355.8,588.95,2500,1185.97
CUST1046,2024-01,37,Female,28829,28697.89,6500,2107.74,1441.45,8648.7,10000,131.11
CUST1046,2024-02,37,Female,28829,28790.15,6500,2200,1441.45,8648.7,10000,38.85
CUST1046,2024-03,37,Female,28829,28447.15,6500,1857,1441.45,8648.7,10000,381.85
CUST1046,2024-04,37,Female,28829,28124.15,6500,1534,1441.45,8648.7,10000,704.85
CUST1046,2024-05,37,Female,28829,28780.15,6500,2190,1441.45,8648.7,10000,48.85
CUST1046,2024-06,37,Female,28829,28157.15,6500,1567,1441.45,8648.7,10000,671.85
CUST1046,2024-07,37,Female,28829,28790.15,6500,2200,1441.45,8648.7,10000,38.85
CUST1046,2024-08,37,Female,28829,28440.15,6500,1850,1441.45,8648.7,10000,388.85
CUST1046,2024-09,37,Female,28829,28233.15,6500,1643,1441.45,8648.7,10000,595.85
CUST1046,2024-10,37,Female,28829,28697.15,6500,2107,1441.45,8648.7,10000,131.85
CUST1046,2024-11,37,Female,28829,28490.15,6500,1900,1441.45,8648.7,10000,338.85
CUST1046,2024-12,37,Female,28829,28157.15,6500,1567,1441.45,8648.7,10000,671.85
CUST1006,2024-01,38,Female,23734,20999.3,7500,6379.1,0,7120.2,0,2734.7
CUST1006,2024-02,38,Female,23734,20250.32,7500,5630.12,0,7120.2,0,3483.68
CUST1006,2024-03,38,Female,23734,20078.22,7500,5458.02,0,7120.2,0,3655.78
CUST1006,2024-04,38,Female,23734,20626.5,7500,6006.3,0,7120.2,0,3107.5
CUST1006,2024-05,38,Female,23734,16576.16,7500,1955.96,0,7120.2,0,7157.84
CUST1006,2024-06,38,Female,23734,20829.69,7500,6209.49,0,7120.2,0,2904.31
CUST1006,2024-07,38,Female,23734,18755.57,7500,4135.37,0,7120.2,0,4978.43
CUST1006,2024-08,38,Female,23734,18359.24,7500,3739.04,0,7120.2,0,5374.76
CUST1006,2024-09,38,Female,23734,16766.62,7500,2146.42,0,7120.2,0,6967.38
CUST1006,2024-10,38,Female,23734,15960.59,7500,1340.39,0,7120.2,0,7773.41
CUST1006,2024-11,38,Female,23734,22620.2,7500,8000,0,7120.2,0,1113.8
CUST1006,2024-12,38,Female,23734,23720.2,7500,9100,0,7120.2,0,13.8
CUST1024,2024-01,38,Male,12511,11850.55,6500,2044.16,625.55,1251.1,1429.74,660.45
CUST1024,2024-02,38,Male,12511,10851.33,6500,3536.62,625.55,0,189.16,1659.67
CUST1024,2024-03,38,Male,12511,10427.68,6500,1993.71,625.55,1251.1,57.32,2083.32
CUST1024,2024-04,38,Male,12511,10444.48,6500,3210.45,625.55,0,108.48,2066.52
CUST1024,2024-05,38,Male,12511,11246.7,6500,2792.66,625.55,1251.1,77.39,1264.3
CUST1024,2024-06,38,Male,12511,10769.04,6500,1065.07,0,1251.1,1952.87,1741.96
CUST1024,2024-07,38,Male,12511,10022.36,6500,2263.08,0,1251.1,8.18,2488.64
CUST1024,2024-08,38,Male,12511,10364.17,6500,3625.89,0,0,238.28,2146.83
CUST1024,2024-09,38,Male,12511,9424.65,6500,732.31,625.55,1251.1,315.69,3086.35
CUST1024,2024-10,38,Male,12511,11758.59,6500,3360.39,625.55,1251.1,21.55,752.41
CUST1024,2024-11,38,Male,12511,10909.83,6500,2334.65,625.55,0,1449.63,1601.17
CUST1024,2024-12,38,Male,12511,12334.16,6500,3460.72,625.55,1251.1,496.79,176.84
CUST1034,2024-01,38,Female,21795,19668.16,10000,2018.16,0,0,7650,2126.84
CUST1034,2024-02,38,Female,21795,19596.23,10000,1946.23,0,0,7650,2198.77
CUST1034,2024-03,38,Female,21795,19621.75,10000,1971.75,0,0,7650,2173.25
CUST1034,2024-04,38,Female,21795,18973.8,10000,1323.8,0,0,7650,2821.2
CUST1034,2024-05,38,Female,21795,20894.78,10000,3244.78,0,0,7650,900.22
CUST1034,2024-06,38,Female,21795,21070.57,10000,3420.57,0,0,7650,724.43
CUST1034,2024-07,38,Female,21795,19015.08,10000,1365.08,0,0,7650,2779.92
CUST1034,2024-08,38,Female,21795,21639,10000,3989,0,0,7650,156
CUST1034,2024-09,38,Female,21795,18999.98,10000,1349.98,0,0,7650,2795.02
CUST1034,2024-10,38,Female,21795,21740,10000,4090,0,0,7650,55
CUST1034,2024-11,38,Female,21795,19951,10000,2301,0,0,7650,1844
CUST1034,2024-12,38,Female,21795,19239.72,10000,1589.72,0,0,7650,2555.28
CUST1027,2024-01,39,Female,14613,14250,4500,7950,0,0,1800,363
CUST1027,2024-02,39,Female,14613,11878.53,4500,5578.53,0,0,1800,2734.47
CUST1027,2024-03,39,Female,14613,12055.62,4500,5755.62,0,0,1800,2557.38
CUST1027,2024-04,39,Female,14613,8177.58,4500,1877.58,0,0,1800,6435.42
CUST1027,2024-05,39,Female,14613,7846.76,4500,1546.76,0,0,1800,6766.24
CUST1027,2024-06,39,Female,14613,14600,4500,8300,0,0,1800,13
CUST1027,2024-07,39,Female,14613,8911.56,4500,2611.56,0,0,1800,5701.44
CUST1027,2024-08,39,Female,14613,11728.5,4500,5428.5,0,0,1800,2884.5
CUST1027,2024-09,39,Female,14613,14600,4500,8300,0,0,1800,13
CUST1027,2024-10,39,Female,14613,11693.2,4500,5393.2,0,0,1800,2919.8
CUST1027,2024-11,39,Female,14613,10477.62,4500,4177.62,0,0,1800,4135.38
CUST1027,2024-12,39,Female,14613,14450,4500,8150,0,0,1800,163
CUST1015,2024-01,40,Female,16056,15558.4,9000,2500,2408.4,0,1650,497.6
CUST1015,2024-02,40,Female,16056,15045.4,9000,1987,2408.4,0,1650,1010.6
CUST1015,2024-03,40,Female,16056,15456.4,9000,2398,2408.4,0,1650,599.6
CUST1015,2024-04,40,Female,16056,15027.08,9000,4377.08,0,0,1650,1028.92
CUST1015,2024-05,40,Female,16056,14625.4,9000,1567,2408.4,0,1650,1430.6
CUST1015,2024-06,40,Female,16056,14514.4,9000,1456,2408.4,0,1650,1541.6
CUST1015,2024-07,40,Female,16056,13656.4,9000,598,2408.4,0,1650,2399.6
CUST1015,2024-08,40,Female,16056,14541.24,9000,1482.84,2408.4,0,1650,1514.76
CUST1015,2024-09,40,Female,16056,15456.4,9000,2398,2408.4,0,1650,599.6
CUST1015,2024-10,40,Female,16056,15158.4,9000,2100,2408.4,0,1650,897.6
CUST1015,2024-11,40,Female,16056,14114.82,9000,1056.42,2408.4,0,1650,1941.18
CUST1015,2024-12,40,Female,16056,15288.83,9000,4638.83,0,0,1650,767.17
CUST1000,2024-01,41,Male,14701,11761.54,6950,1406.39,0,2205.15,1200,2939.46
CUST1000,2024-02,41,Male,14701,13700.83,6950,3345.68,0,2205.15,1200,1000.17
CUST1000,2024-03,41,Male,14701,14688.15,6950,4333,0,2205.15,1200,12.85
CUST1000,2024-04,41,Male,14701,13265.84,6950,2910.69,0,2205.15,1200,1435.16
CUST1000,2024-05,41,Male,14701,11543.19,6950,1188.04,0,2205.15,1200,3157.81
CUST1000,2024-06,41,Male,14701,11631.85,6950,1276.7,0,2205.15,1200,3069.15
CUST1000,2024-07,41,Male,14701,14552.04,6950,4196.89,0,2205.15,1200,148.96
CUST1000,2024-08,41,Male,14701,14188.06,6950,3832.91,0,2205.15,1200,512.94
CUST1000,2024-09,41,Male,14701,12819.62,6950,2464.47,0,2205.15,1200,1881.38
CUST1000,2024-10,41,Male,14701,12559.55,6950,2204.4,0,2205.15,1200,2141.45
CUST1000,2024-11,41,Male,14701,13427.69,6950,3072.54,0,2205.15,1200,1273.31
CUST1000,2024-12,41,Male,14701,12088.82,6950,1733.67,0,2205.15,1200,2612.18
CUST1005,2024-01,41,Female,11637,9089.36,4900,661.96,0,2327.4,1200,2547.64
CUST1005,2024-02,41,Female,11637,11321.8,4900,2894.4,0,2327.4,1200,315.2
CUST1005,2024-03,41,Female,11637,11034.57,4900,2607.17,0,2327.4,1200,602.43
CUST1005,2024-04,41,Female,11637,11301.38,4900,2873.98,0,2327.4,1200,335.62
CUST1005,2024-05,41,Female,11637,9582.45,4900,1155.05,0,2327.4,1200,2054.55
CUST1005,2024-06,41,Female,11637,9272.83,4900,845.43,0,2327.4,1200,2364.17
CUST1005,2024-07,41,Female,11637,10953.2,4900,2525.8,0,2327.4,1200,683.8
CUST1005,2024-08,41,Female,11637,9115.63,4900,688.23,0,2327.4,1200,2521.37
CUST1005,2024-09,41,Female,11637,10086.21,4900,1658.81,0,2327.4,1200,1550.79
CUST1005,2024-10,41,Female,11637,9594.23,4900,1166.83,0,2327.4,1200,2042.77
CUST1005,2024-11,41,Female,11637,9754.24,4900,1326.84,0,2327.4,1200,1882.76
CUST1005,2024-12,41,Female,11637,10663.21,4900,2235.81,0,2327.4,1200,973.79
CUST1023,2024-01,41,Female,6895,6794.75,1500,3500,344.75,0,1450,100.25
CUST1023,2024-02,41,Female,6895,6183.75,1500,2889,0,344.75,1450,711.25
CUST1023,2024-03,41,Female,6895,4373.45,1500,1078.7,344.75,0,1450,2521.55
CUST1023,2024-04,41,Female,6895,4361.74,1500,1066.99,0,344.75,1450,2533.26
CUST1023,2024-05,41,Female,6895,4088.67,1500,793.92,344.75,0,1450,2806.33
CUST1023,2024-06,41,Female,6895,6894.75,1500,3600,0,344.75,1450,0.25
CUST1023,2024-07,41,Female,6895,5103.89,1500,1809.14,344.75,0,1450,1791.11
CUST1023,2024-08,41,Female,6895,3765.35,1500,470.6,0,344.75,1450,3129.65
CUST1023,2024-09,41,Female,6895,6053.75,1500,2759,344.75,0,1450,841.25
CUST1023,2024-10,41,Female,6895,6294.75,1500,3000,0,344.75,1450,600.25
CUST1023,2024-11,41,Female,6895,6794.75,1500,3500,344.75,0,1450,100.25
CUST1023,2024-12,41,Female,6895,3981.64,1500,686.89,0,344.75,1450,2913.36
CUST1026,2024-01,41,Male,21726,21451.2,9800,1633.4,6517.8,0,3500,274.8
CUST1026,2024-02,41,Male,21726,21717.8,9800,1900,6517.8,0,3500,8.2
CUST1026,2024-03,41,Male,21726,21687.8,9800,1870,6517.8,0,3500,38.2
CUST1026,2024-04,41,Male,21726,20917.8,9800,1100,6517.8,0,3500,808.2
CUST1026,2024-05,41,Male,21726,21017.8,9800,1200,6517.8,0,3500,708.2
CUST1026,2024-06,41,Male,21726,21474.8,9800,1657,6517.8,0,3500,251.2
CUST1026,2024-07,41,Male,21726,21687.8,9800,1870,6517.8,0,3500,38.2
CUST1026,2024-08,41,Male,21726,21617.8,9800,1800,6517.8,0,3500,108.2
CUST1026,2024-09,41,Male,21726,21717.8,9800,1900,6517.8,0,3500,8.2
CUST1026,2024-10,41,Male,21726,21477.9,9800,1660.1,6517.8,0,3500,248.1
CUST1026,2024-11,41,Male,21726,20917.8,9800,1100,6517.8,0,3500,808.2
CUST1026,2024-12,41,Male,21726,21106.8,9800,1289,6517.8,0,3500,619.2
CUST1049,2024-01,41,Male,10343,6372.17,3500,1972.17,0,0,900,3970.83
CUST1049,2024-02,41,Male,10343,6603.57,3500,2203.57,0,0,900,3739.43
CUST1049,2024-03,41,Male,10343,6699.32,3500,2299.32,0,0,900,3643.68
CUST1049,2024-04,41,Male,10343,5042.82,3500,642.82,0,0,900,5300.18
CUST1049,2024-05,41,Male,10343,5226.97,3500,826.97,0,0,900,5116.03
CUST1049,2024-06,41,Male,10343,4983.92,3500,583.92,0,0,900,5359.08
CUST1049,2024-07,41,Male,10343,5171.79,3500,771.79,0,0,900,5171.21
CUST1049,2024-08,41,Male,10343,5071.96,3500,671.96,0,0,900,5271.04
CUST1049,2024-09,41,Male,10343,5607.23,3500,1207.23,0,0,900,4735.77
CUST1049,2024-10,41,Male,10343,6023.85,3500,1623.85,0,0,900,4319.15
CUST1049,2024-11,41,Male,10343,5770.32,3500,1370.32,0,0,900,4572.68
CUST1049,2024-12,41,Male,10343,5047.59,3500,647.59,0,0,900,5295.41
CUST1032,2024-01,42,Female,19949,14950.55,6900,2065.85,3989.8,1994.9,0,4998.45
CUST1032,2024-02,42,Female,19949,14668.41,6900,1783.71,3989.8,1994.9,0,5280.59
CUST1032,2024-03,42,Female,19949,15011.72,6900,2127.02,3989.8,1994.9,0,4937.28
CUST1032,2024-04,42,Female,19949,16620.19,6900,3735.49,3989.8,1994.9,0,3328.81
CUST1032,2024-05,42,Female,19949,17901.28,6900,5016.58,3989.8,1994.9,0,2047.72
CUST1032,2024-06,42,Female,19949,17866.99,6900,4982.29,3989.8,1994.9,0,2082.01
CUST1032,2024-07,42,Female,19949,17315.85,6900,4431.15,3989.8,1994.9,0,2633.15
CUST1032,2024-08,42,Female,19949,17902.68,6900,5017.98,3989.8,1994.9,0,2046.32
CUST1032,2024-09,42,Female,19949,17107.77,6900,4223.07,3989.8,1994.9,0,2841.23
CUST1032,2024-10,42,Female,19949,18006.01,6900,5121.31,3989.8,1994.9,0,1942.99
CUST1032,2024-11,42,Female,19949,14401.64,6900,1516.94,3989.8,1994.9,0,5547.36
CUST1032,2024-12,42,Female,19949,16801.89,6900,3917.19,3989.8,1994.9,0,3147.11
CUST1043,2024-01,42,Male,13935,12789.64,4000,1699.39,0,2090.25,5000,1145.36
CUST1043,2024-02,42,Male,13935,13890.25,4000,2800,0,2090.25,5000,44.75
CUST1043,2024-03,42,Male,13935,13840.25,4000,2750,0,2090.25,5000,94.75
CUST1043,2024-04,42,Male,13935,12917.58,4000,1827.33,0,2090.25,5000,1017.42
CUST1043,2024-05,42,Male,13935,13394.92,4000,2304.67,0,2090.25,5000,540.08
CUST1043,2024-06,42,Male,13935,13457.92,4000,2367.67,0,2090.25,5000,477.08
CUST1043,2024-07,42,Male,13935,13890.25,4000,2800,0,2090.25,5000,44.75
CUST1043,2024-08,42,Male,13935,13840.25,4000,2750,0,2090.25,5000,94.75
CUST1043,2024-09,42,Male,13935,12980.25,4000,1890,0,2090.25,5000,954.75
CUST1043,2024-10,42,Male,13935,12158.87,4000,1068.62,0,2090.25,5000,1776.13
CUST1043,2024-11,42,Male,13935,12690.25,4000,1600,0,2090.25,5000,1244.75
CUST1043,2024-12,42,Male,13935,12083.79,4000,993.54,0,2090.25,5000,1851.21
CUST1007,2024-01,43,Female,23929,20876.54,10950,5140.74,0,4785.8,0,3052.46
CUST1007,2024-02,43,Female,23929,20524.03,10950,4788.23,0,4785.8,0,3404.97
CUST1007,2024-03,43,Female,23929,22650.36,10950,6914.56,0,4785.8,0,1278.64
CUST1007,2024-04,43,Female,23929,21109.64,10950,5373.84,0,4785.8,0,2819.36
CUST1007,2024-05,43,Female,23929,21866.56,10950,6130.76,0,4785.8,0,2062.44
CUST1007,2024-06,43,Female,23929,22462,10950,6726.2,0,4785.8,0,1467
CUST1007,2024-07,43,Female,23929,19145.9,10950,3410.1,0,4785.8,0,4783.1
CUST1007,2024-08,43,Female,23929,19323.81,10950,3588.01,0,4785.8,0,4605.19
CUST1007,2024-09,43,Female,23929,20354.6,10950,4618.8,0,4785.8,0,3574.4
CUST1007,2024-10,43,Female,23929,18108.39,10950,2372.59,0,4785.8,0,5820.61
CUST1007,2024-11,43,Female,23929,17317.65,10950,1581.85,0,4785.8,0,6611.35
CUST1007,2024-12,43,Female,23929,18182.39,10950,2446.59,0,4785.8,0,5746.61
CUST1045,2024-01,44,Male,6711,6384.64,4500,1884.64,0,0,0,326.36
CUST1045,2024-02,44,Male,6711,5764.27,4500,1264.27,0,0,0,946.73
CUST1045,2024-03,44,Male,6711,5805.3,4500,1305.3,0,0,0,905.7
CUST1045,2024-04,44,Male,6711,6053.32,4500,1553.32,0,0,0,657.68
CUST1045,2024-05,44,Male,6711,5386.49,4500,886.49,0,0,0,1324.51
CUST1045,2024-06,44,Male,6711,5249.64,4500,749.64,0,0,0,1461.36
CUST1045,2024-07,44,Male,6711,5040.45,4500,540.45,0,0,0,1670.55
CUST1045,2024-08,44,Male,6711,6340.58,4500,1840.58,0,0,0,370.42
CUST1045,2024-09,44,Male,6711,5518.13,4500,1018.13,0,0,0,1192.87
CUST1045,2024-10,44,Male,6711,6223.52,4500,1723.52,0,0,0,487.48
CUST1045,2024-11,44,Male,6711,5442.54,4500,942.54,0,0,0,1268.46
CUST1045,2024-12,44,Male,6711,5028.35,4500,528.35,0,0,0,1682.65
CUST1021,2024-01,46,Female,21071,20683.72,10508,3854.42,6321.3,0,0,387.28
CUST1021,2024-02,46,Female,21071,21001.94,10508,4172.64,6321.3,0,0,69.06
CUST1021,2024-03,46,Female,21071,21069.3,10508,4240,6321.3,0,0,1.7
CUST1021,2024-04,46,Female,21071,20979.3,10508,4150,6321.3,0,0,91.7
CUST1021,2024-05,46,Female,21071,19329.3,10508,2500,6321.3,0,0,1741.7
CUST1021,2024-06,46,Female,21071,19829.3,10508,3000,6321.3,0,0,1241.7
CUST1021,2024-07,46,Female,21071,20690.43,10508,3861.13,6321.3,0,0,380.57
CUST1021,2024-08,46,Female,21071,20450.64,10508,3621.34,6321.3,0,0,620.36
CUST1021,2024-09,46,Female,21071,20221.37,10508,3392.07,6321.3,0,0,849.63
CUST1021,2024-10,46,Female,21071,19036.49,10508,2207.19,6321.3,0,0,2034.51
CUST1021,2024-11,46,Female,21071,19801.47,10508,2972.17,6321.3,0,0,1269.53
CUST1021,2024-12,46,Female,21071,19128.31,10508,2299.01,6321.3,0,0,1942.69
CUST1008,2024-01,47,Male,17660,16580.76,6500,3282.76,1766,3532,1500,1079.24
CUST1008,2024-02,47,Male,17660,11596.21,6500,1830.21,1766,0,1500,6063.79
CUST1008,2024-03,47,Male,17660,12996.98,6500,1464.98,0,3532,1500,4663.02
CUST1008,2024-04,47,Male,17660,16830.36,6500,3532.36,1766,3532,1500,829.64
CUST1008,2024-05,47,Male,17660,12080.79,6500,4080.79,0,0,1500,5579.21
CUST1008,2024-06,47,Male,17660,15195.72,6500,1897.72,1766,3532,1500,2464.28
CUST1008,2024-07,47,Male,17660,15939.72,6500,2641.72,1766,3532,1500,1720.28
CUST1008,2024-08,47,Male,17660,15453.61,6500,3921.61,0,3532,1500,2206.39
CUST1008,2024-09,47,Male,17660,14003.74,6500,4237.74,1766,0,1500,3656.26
CUST1008,2024-10,47,Male,17660,14446.51,6500,1148.51,1766,3532,1500,3213.49
CUST1008,2024-11,47,Male,17660,14299.64,6500,4533.64,1766,0,1500,3360.36
CUST1008,2024-12,47,Male,17660,15699.72,6500,2401.72,1766,3532,1500,1960.28
CUST1013,2024-01,47,Female,7998,6273.78,4500,574.08,1199.7,0,0,1724.22
CUST1013,2024-02,47,Female,7998,6517.48,4500,817.78,1199.7,0,0,1480.52
CUST1013,2024-03,47,Female,7998,7999.7,4500,2300,1199.7,0,0,-1.7
CUST1013,2024-04,47,Female,7998,7917.92,4500,2218.22,1199.7,0,0,80.08
CUST1013,2024-05,47,Female,7998,7211.02,4500,1511.32,1199.7,0,0,786.98
CUST1013,2024-06,47,Female,7998,6526.63,4500,826.93,1199.7,0,0,1471.37
CUST1013,2024-07,47,Female,7998,6169.22,4500,469.52,1199.7,0,0,1828.78
CUST1013,2024-08,47,Female,7998,7453.9,4500,1754.2,1199.7,0,0,544.1
CUST1013,2024-09,47,Female,7998,7655.61,4500,1955.91,1199.7,0,0,342.39
CUST1013,2024-10,47,Female,7998,6371.29,4500,671.59,1199.7,0,0,1626.71
CUST1013,2024-11,47,Female,7998,7179.85,4500,1480.15,1199.7,0,0,818.15
CUST1013,2024-12,47,Female,7998,7836.93,4500,2137.23,1199.7,0,0,161.07
CUST1004,2024-01,48,Male,11482,10996.4,3000,3900,0,2296.4,1800,485.6
CUST1004,2024-02,48,Male,11482,9498.83,3000,2402.43,0,2296.4,1800,1983.17
CUST1004,2024-03,48,Male,11482,9052.33,3000,1955.93,0,2296.4,1800,2429.67
CUST1004,2024-04,48,Male,11482,8267.97,3000,1171.57,0,2296.4,1800,3214.03
CUST1004,2024-05,48,Male,11482,10177.71,3000,3081.31,0,2296.4,1800,1304.29
CUST1004,2024-06,48,Male,11482,11046.4,3000,3950,0,2296.4,1800,435.6
CUST1004,2024-07,48,Male,11482,7894.19,3000,797.79,0,2296.4,1800,3587.81
CUST1004,2024-08,48,Male,11482,9356.07,3000,2259.67,0,2296.4,1800,2125.93
CUST1004,2024-09,48,Male,11482,7952.92,3000,856.52,0,2296.4,1800,3529.08
CUST1004,2024-10,48,Male,11482,8130.75,3000,1034.35,0,2296.4,1800,3351.25
CUST1004,2024-11,48,Male,11482,10496.4,3000,3400,0,2296.4,1800,985.6
CUST1004,2024-12,48,Male,11482,7681.46,3000,585.06,0,2296.4,1800,3800.54
CUST1038,2024-01,48,Female,16461,11730.59,5500,2115.34,1646.1,2469.15,0,4730.41
CUST1038,2024-02,48,Female,16461,13910.93,5500,4295.68,1646.1,2469.15,0,2550.07
CUST1038,2024-03,48,Female,16461,14236.37,5500,4621.12,1646.1,2469.15,0,2224.63
CUST1038,2024-04,48,Female,16461,11212.76,5500,1597.51,1646.1,2469.15,0,5248.24
CUST1038,2024-05,48,Female,16461,14120.75,5500,4505.5,1646.1,2469.15,0,2340.25
CUST1038,2024-06,48,Female,16461,13429.33,5500,3814.08,1646.1,2469.15,0,3031.67
CUST1038,2024-07,48,Female,16461,12223.05,5500,2607.8,1646.1,2469.15,0,4237.95
CUST1038,2024-08,48,Female,16461,11757.91,5500,2142.66,1646.1,2469.15,0,4703.09
CUST1038,2024-09,48,Female,16461,10616.05,5500,1000.8,1646.1,2469.15,0,5844.95
CUST1038,2024-10,48,Female,16461,11089.38,5500,1474.13,1646.1,2469.15,0,5371.62
CUST1038,2024-11,48,Female,16461,12416.08,5500,2800.83,1646.1,2469.15,0,4044.92
CUST1038,2024-12,48,Female,16461,11826.44,5500,2211.19,1646.1,2469.15,0,4634.56
CUST1042,2024-01,51,Female,11664,10649.2,4800,2350,3499.2,0,0,1014.8
CUST1042,2024-02,51,Female,11664,10449.2,4800,2150,3499.2,0,0,1214.8
CUST1042,2024-03,51,Female,11664,10028.11,4800,1728.91,3499.2,0,0,1635.89
CUST1042,2024-04,51,Female,11664,10244.2,4800,1945,3499.2,0,0,1419.8
CUST1042,2024-05,51,Female,11664,8971.09,4800,671.89,3499.2,0,0,2692.91
CUST1042,2024-06,51,Female,11664,9227.33,4800,928.13,3499.2,0,0,2436.67
CUST1042,2024-07,51,Female,11664,9257.26,4800,958.06,3499.2,0,0,2406.74
CUST1042,2024-08,51,Female,11664,10356.1,4800,2056.9,3499.2,0,0,1307.9
CUST1042,2024-09,51,Female,11664,9652.64,4800,1353.44,3499.2,0,0,2011.36
CUST1042,2024-10,51,Female,11664,9478.32,4800,1179.12,3499.2,0,0,2185.68
CUST1042,2024-11,51,Female,11664,9768.3,4800,1469.1,3499.2,0,0,1895.7
CUST1042,2024-12,51,Female,11664,10198.85,4800,1899.65,3499.2,0,0,1465.15
CUST1035,2024-01,52,Male,28019,25288.68,5500,2382.98,0,8405.7,9000,2730.32
CUST1035,2024-02,52,Male,28019,25931.8,5500,3026.1,0,8405.7,9000,2087.2
CUST1035,2024-03,52,Male,28019,27316.65,5500,3010,1400.95,8405.7,9000,702.35
CUST1035,2024-04,52,Male,28019,28005.7,5500,5100,0,8405.7,9000,13.3
CUST1035,2024-05,52,Male,28019,26141.75,5500,3236.05,0,8405.7,9000,1877.25
CUST1035,2024-06,52,Male,28019,27806.65,5500,3500,1400.95,8405.7,9000,212.35
CUST1035,2024-07,52,Male,28019,25960.79,5500,3055.09,0,8405.7,9000,2058.21
CUST1035,2024-08,52,Male,28019,27286.65,5500,2980,1400.95,8405.7,9000,732.35
CUST1035,2024-09,52,Male,28019,25338.89,5500,2433.19,0,8405.7,9000,2680.11
CUST1035,2024-10,52,Male,28019,27906.65,5500,3600,1400.95,8405.7,9000,112.35
CUST1035,2024-11,52,Male,28019,27905.7,5500,5000,0,8405.7,9000,113.3
CUST1035,2024-12,52,Male,28019,25811.05,5500,2905.35,0,8405.7,9000,2207.95
CUST1029,2024-01,53,Female,14879,12254.85,5000,2335.1,1487.9,2231.85,1200,2624.15
CUST1029,2024-02,53,Female,14879,14292.65,5000,4372.9,1487.9,2231.85,1200,586.35
CUST1029,2024-03,53,Female,14879,12436.44,5000,2516.69,1487.9,2231.85,1200,2442.56
CUST1029,2024-04,53,Female,14879,13385.41,5000,3465.66,1487.9,2231.85,1200,1493.59
CUST1029,2024-05,53,Female,14879,13700.59,5000,3780.84,1487.9,2231.85,1200,1178.41
CUST1029,2024-06,53,Female,14879,13467.31,5000,3547.56,1487.9,2231.85,1200,1411.69
CUST1029,2024-07,53,Female,14879,14342.98,5000,4423.23,1487.9,2231.85,1200,536.02
CUST1029,2024-08,53,Female,14879,11251.52,5000,1331.77,1487.9,2231.85,1200,3627.48
CUST1029,2024-09,53,Female,14879,13095.65,5000,3175.9,1487.9,2231.85,1200,1783.35
CUST1029,2024-10,53,Female,14879,10917.55,5000,997.8,1487.9,2231.85,1200,3961.45
CUST1029,2024-11,53,Female,14879,13270.04,5000,3350.29,1487.9,2231.85,1200,1608.96
CUST1029,2024-12,53,Female,14879,10706.73,5000,786.98,1487.9,2231.85,1200,4172.27
CUST1010,2024-01,54,Male,8068,7454.7,5500,754.7,0,0,1200,613.3
CUST1010,2024-02,54,Male,8068,8000,5500,1300,0,0,1200,68
CUST1010,2024-03,54,Male,8068,7897.24,5500,1197.24,0,0,1200,170.76
CUST1010,2024-04,54,Male,8068,7900,5500,1200,0,0,1200,168
CUST1010,2024-05,54,Male,8068,7850,5500,1150,0,0,1200,218
CUST1010,2024-06,54,Male,8068,7357,5500,657,0,0,1200,711
CUST1010,2024-07,54,Male,8068,7748.88,5500,1048.88,0,0,1200,319.12
CUST1010,2024-08,54,Male,8068,7953.76,5500,1253.76,0,0,1200,114.24
CUST1010,2024-09,54,Male,8068,7590,5500,890,0,0,1200,478
CUST1010,2024-10,54,Male,8068,7900,5500,1200,0,0,1200,168
CUST1010,2024-11,54,Male,8068,7290.05,5500,590.05,0,0,1200,777.95
CUST1010,2024-12,54,Male,8068,7227.69,5500,527.69,0,0,1200,840.31
CUST1037,2024-01,54,Female,27658,13824.05,6000,4624.05,0,0,3200,13833.95
CUST1037,2024-02,54,Female,27658,11652.32,6000,2452.32,0,0,3200,16005.68
CUST1037,2024-03,54,Female,27658,13194.83,6000,3994.83,0,0,3200,14463.17
CUST1037,2024-04,54,Female,27658,16702.46,6000,7502.46,0,0,3200,10955.54
CUST1037,2024-05,54,Female,27658,11508.24,6000,2308.24,0,0,3200,16149.76
CUST1037,2024-06,54,Female,27658,10773.74,6000,1573.74,0,0,3200,16884.26
CUST1037,2024-07,54,Female,27658,14090.88,6000,4890.88,0,0,3200,13567.12
CUST1037,2024-08,54,Female,27658,13393.99,6000,4193.99,0,0,3200,14264.01
CUST1037,2024-09,54,Female,27658,16065.06,6000,6865.06,0,0,3200,11592.94
CUST1037,2024-10,54,Female,27658,14997.25,6000,5797.25,0,0,3200,12660.75
CUST1037,2024-11,54,Female,27658,11132.7,6000,1932.7,0,0,3200,16525.3
CUST1037,2024-12,54,Female,27658,16995.26,6000,7795.26,0,0,3200,10662.74
CUST1030,2024-01,56,Female,26474,24890.19,10000,7890.19,0,0,7000,1583.81
CUST1030,2024-02,56,Female,26474,21638.07,10000,4638.07,0,0,7000,4835.93
CUST1030,2024-03,56,Female,26474,20663.88,10000,3663.88,0,0,7000,5810.12
CUST1030,2024-04,56,Female,26474,21807.78,10000,4807.78,0,0,7000,4666.22
CUST1030,2024-05,56,Female,26474,19203.91,10000,2203.91,0,0,7000,7270.09
CUST1030,2024-06,56,Female,26474,23257.77,10000,6257.77,0,0,7000,3216.23
CUST1030,2024-07,56,Female,26474,22476.41,10000,5476.41,0,0,7000,3997.59
CUST1030,2024-08,56,Female,26474,24595.42,10000,7595.42,0,0,7000,1878.58
CUST1030,2024-09,56,Female,26474,21390.17,10000,4390.17,0,0,7000,5083.83
CUST1030,2024-10,56,Female,26474,20091.28,10000,3091.28,0,0,7000,6382.72
CUST1030,2024-11,56,Female,26474,21959.06,10000,4959.06,0,0,7000,4514.94
CUST1030,2024-12,56,Female,26474,21209.56,10000,4209.56,0,0,7000,5264.44
CUST1047,2024-01,56,Female,16108,14100,4500,9600,0,0,0,2008
CUST1047,2024-02,56,Female,16108,6134.17,4500,1634.17,0,0,0,9973.83
CUST1047,2024-03,56,Female,16108,8173.86,4500,3673.86,0,0,0,7934.14
CUST1047,2024-04,56,Female,16108,16000,4500,11500,0,0,0,108
CUST1047,2024-05,56,Female,16108,7649.27,4500,3149.27,0,0,0,8458.73
CUST1047,2024-06,56,Female,16108,6267.4,4500,1767.4,0,0,0,9840.6
CUST1047,2024-07,56,Female,16108,9136.68,4500,4636.68,0,0,0,6971.32
CUST1047,2024-08,56,Female,16108,6887.52,4500,2387.52,0,0,0,9220.48
CUST1047,2024-09,56,Female,16108,16100,4500,11600,0,0,0,8
CUST1047,2024-10,56,Female,16108,7107.84,4500,2607.84,0,0,0,9000.16
CUST1047,2024-11,56,Female,16108,7228.88,4500,2728.88,0,0,0,8879.12
CUST1047,2024-12,56,Female,16108,6881.45,4500,2381.45,0,0,0,9226.55
CUST1012,2024-01,57,Male,15436,14290.18,8600,1302.98,0,3087.2,1300,1145.82
CUST1012,2024-02,57,Male,15436,15409,8600,1650,771.8,3087.2,1300,27
CUST1012,2024-03,57,Male,15436,15087.2,8600,2100,0,3087.2,1300,348.8
CUST1012,2024-04,57,Male,15436,12217.25,8600,1545.45,771.8,0,1300,3218.75
CUST1012,2024-05,57,Male,15436,15277.31,8600,2290.11,0,3087.2,1300,158.69
CUST1012,2024-06,57,Male,15436,15259,8600,1500,771.8,3087.2,1300,177
CUST1012,2024-07,57,Male,15436,13947.26,8600,4047.26,0,0,1300,1488.74
CUST1012,2024-08,57,Male,15436,14862.51,8600,1103.51,771.8,3087.2,1300,573.49
CUST1012,2024-09,57,Male,15436,15026.57,8600,2039.37,0,3087.2,1300,409.43
CUST1012,2024-10,57,Male,15436,14448.03,8600,3776.23,771.8,0,1300,987.97
CUST1012,2024-11,57,Male,15436,15221.14,8600,2233.94,0,3087.2,1300,214.86
CUST1012,2024-12,57,Male,15436,15409,8600,1650,771.8,3087.2,1300,27
CUST1016,2024-01,57,Male,10727,7521.18,3500,1875.78,0,2145.4,0,3205.82
CUST1016,2024-02,57,Male,10727,8353.61,3500,2708.21,0,2145.4,0,2373.39
CUST1016,2024-03,57,Male,10727,8263.78,3500,2618.38,0,2145.4,0,2463.22
CUST1016,2024-04,57,Male,10727,6928.36,3500,1282.96,0,2145.4,0,3798.64
CUST1016,2024-05,57,Male,10727,8163.43,3500,2518.03,0,2145.4,0,2563.57
CUST1016,2024-06,57,Male,10727,7289.74,3500,1644.34,0,2145.4,0,3437.26
CUST1016,2024-07,57,Male,10727,8509.8,3500,2864.4,0,2145.4,0,2217.2
CUST1016,2024-08,57,Male,10727,7952.4,3500,2307,0,2145.4,0,2774.6
CUST1016,2024-09,57,Male,10727,7813.23,3500,2167.83,0,2145.4,0,2913.77
CUST1016,2024-10,57,Male,10727,6422.13,3500,776.73,0,2145.4,0,4304.87
CUST1016,2024-11,57,Male,10727,6438.9,3500,793.5,0,2145.4,0,4288.1
CUST1016,2024-12,57,Male,10727,7501.84,3500,1856.44,0,2145.4,0,3225.16
CUST1025,2024-01,57,Male,14185,12613.42,6000,2357.92,0,4255.5,0,1571.58
CUST1025,2024-02,57,Male,14185,14126.02,6000,3870.52,0,4255.5,0,58.98
CUST1025,2024-03,57,Male,14185,14055.5,6000,3800,0,4255.5,0,129.5
CUST1025,2024-04,57,Male,14185,14110.17,6000,3854.67,0,4255.5,0,74.83
CUST1025,2024-05,57,Male,14185,11691.93,6000,1436.43,0,4255.5,0,2493.07
CUST1025,2024-06,57,Male,14185,13594.32,6000,3338.82,0,4255.5,0,590.68
CUST1025,2024-07,57,Male,14185,12707.04,6000,2451.54,0,4255.5,0,1477.96
CUST1025,2024-08,57,Male,14185,11929.91,6000,1674.41,0,4255.5,0,2255.09
CUST1025,2024-09,57,Male,14185,11774.52,6000,1519.02,0,4255.5,0,2410.48
CUST1025,2024-10,57,Male,14185,12064.27,6000,1808.77,0,4255.5,0,2120.73
CUST1025,2024-11,57,Male,14185,12286.49,6000,2030.99,0,4255.5,0,1898.51
CUST1025,2024-12,57,Male,14185,13426.03,6000,3170.53,0,4255.5,0,758.97
CUST1044,2024-01,58,Male,11012,11001.43,5500,2549.63,0,1651.8,1300,10.57
CUST1044,2024-02,58,Male,11012,10023.32,5500,1571.52,0,1651.8,1300,988.68
CUST1044,2024-03,58,Male,11012,10172.82,5500,1721.02,0,1651.8,1300,839.18
CUST1044,2024-04,58,Male,11012,9797.43,5500,1345.63,0,1651.8,1300,1214.57
CUST1044,2024-05,58,Male,11012,9712.89,5500,1261.09,0,1651.8,1300,1299.11
CUST1044,2024-06,58,Male,11012,10038.66,5500,1586.86,0,1651.8,1300,973.34
CUST1044,2024-07,58,Male,11012,10079.23,5500,1627.43,0,1651.8,1300,932.77
CUST1044,2024-08,58,Male,11012,11007.3,5500,2555.5,0,1651.8,1300,4.7
CUST1044,2024-09,58,Male,11012,9621.74,5500,1169.94,0,1651.8,1300,1390.26
CUST1044,2024-10,58,Male,11012,10013.19,5500,1561.39,0,1651.8,1300,998.81
CUST1044,2024-11,58,Male,11012,10205.68,5500,1753.88,0,1651.8,1300,806.32
CUST1044,2024-12,58,Male,11012,9989.81,5500,1538.01,0,1651.8,1300,1022.19
CUST1033,2024-01,59,Male,9645,9400,4900,4500,0,0,0,245
CUST1033,2024-02,59,Male,9645,6266.6,4900,1366.6,0,0,0,3378.4
CUST1033,2024-03,59,Male,9645,6183.79,4900,1283.79,0,0,0,3461.21
CUST1033,2024-04,59,Male,9645,9645,4900,4745,0,0,0,0
CUST1033,2024-05,59,Male,9645,7627.04,4900,2727.04,0,0,0,2017.96
CUST1033,2024-06,59,Male,9645,7609.82,4900,2709.82,0,0,0,2035.18
CUST1033,2024-07,59,Male,9645,6104.18,4900,1204.18,0,0,0,3540.82
CUST1033,2024-08,59,Male,9645,7770.35,4900,2870.35,0,0,0,1874.65
CUST1033,2024-09,59,Male,9645,5715.83,4900,815.83,0,0,0,3929.17
CUST1033,2024-10,59,Male,9645,9500,4900,4600,0,0,0,145
CUST1033,2024-11,59,Male,9645,9500,4900,4600,0,0,0,145
CUST1033,2024-12,59,Male,9645,9256,4900,4356,0,0,0,389
CUST1039,2024-01,59,Male,23827,23706.48,10000,6558.38,0,7148.1,0,120.52
CUST1039,2024-02,59,Male,23827,23448.1,10000,6300,0,7148.1,0,378.9
CUST1039,2024-03,59,Male,23827,21963.89,10000,4815.79,0,7148.1,0,1863.11
CUST1039,2024-04,59,Male,23827,19193.37,10000,2045.27,0,7148.1,0,4633.63
CUST1039,2024-05,59,Male,23827,23748.1,10000,6600,0,7148.1,0,78.9
CUST1039,2024-06,59,Male,23827,19861.33,10000,2713.23,0,7148.1,0,3965.67
CUST1039,2024-07,59,Male,23827,23320.22,10000,6172.12,0,7148.1,0,506.78
CUST1039,2024-08,59,Male,23827,23715.1,10000,6567,0,7148.1,0,111.9
CUST1039,2024-09,59,Male,23827,20709.23,10000,3561.13,0,7148.1,0,3117.77
CUST1039,2024-10,59,Male,23827,21129.52,10000,3981.42,0,7148.1,0,2697.48
CUST1039,2024-11,59,Male,23827,19140.64,10000,1992.54,0,7148.1,0,4686.36
CUST1039,2024-12,59,Male,23827,21346.22,10000,4198.12,0,7148.1,0,2480.78
CUST1048,2024-01,59,Female,27171,23016.73,8550,2098.33,8151.3,2717.1,1500,4154.27
CUST1048,2024-02,59,Female,27171,22630.27,8550,1711.87,8151.3,2717.1,1500,4540.73
CUST1048,2024-03,59,Female,27171,27118.4,8550,6200,8151.3,2717.1,1500,52.6
CUST1048,2024-04,59,Female,27171,24340.59,8550,3422.19,8151.3,2717.1,1500,2830.41
CUST1048,2024-05,59,Female,27171,26262.7,8550,5344.3,8151.3,2717.1,1500,908.3
CUST1048,2024-06,59,Female,27171,24790.34,8550,3871.94,8151.3,2717.1,1500,2380.66
CUST1048,2024-07,59,Female,27171,22601.49,8550,1683.09,8151.3,2717.1,1500,4569.51
CUST1048,2024-08,59,Female,27171,25485.4,8550,4567,8151.3,2717.1,1500,1685.6
CUST1048,2024-09,59,Female,27171,24666.86,8550,3748.46,8151.3,2717.1,1500,2504.14
CUST1048,2024-10,59,Female,27171,26374.4,8550,5456,8151.3,2717.1,1500,796.6
CUST1048,2024-11,59,Female,27171,27118.4,8550,6200,8151.3,2717.1,1500,52.6
CUST1048,2024-12,59,Female,27171,24187.22,8550,3268.82,8151.3,2717.1,1500,2983.78
